                  epoch,         train/box_loss,         train/seg_loss,         train/cls_loss,         train/dfl_loss,   metrics/precision(B),      metrics/recall(B),       metrics/mAP50(B),    metrics/mAP50-95(B),   metrics/precision(M),      metrics/recall(M),       metrics/mAP50(M),    metrics/mAP50-95(M),           val/box_loss,           val/seg_loss,           val/cls_loss,           val/dfl_loss,                 lr/pg0,                 lr/pg1,                 lr/pg2
                      1,                 1.9231,                 3.6597,                 4.2622,                 1.6136,                0.00414,                0.41786,                0.11219,                0.06929,                0.00423,                 0.4006,                 0.1016,                0.03752,                 1.3927,                 2.5082,                  3.692,                 1.3536,              0.0001875,              0.0001875,              0.0001875
                      2,                 1.3684,                 1.9843,                 2.2832,                 1.1122,                0.00463,                0.56009,                0.36298,                 0.2195,                0.00375,                0.46137,                0.27073,                0.12724,                 1.3614,                  2.083,                 3.5203,                 1.2734,             0.00038494,             0.00038494,             0.00038494
                      3,                 1.2891,                 1.7189,                 1.6493,                 1.0817,                0.96046,                0.12863,                0.42251,                0.23418,                0.94069,                0.12029,                0.38593,                0.15127,                 1.3604,                 2.0502,                 3.2721,                 1.1923,             0.00057974,             0.00057974,             0.00057974
                      4,                 1.2445,                 1.6283,                 1.3941,                 1.0671,                0.78944,                0.08883,                0.25249,                0.15318,                0.75151,                 0.0754,                 0.1979,                  0.072,                 1.3073,                 1.8467,                 3.1585,                 1.2296,             0.00077191,             0.00077191,             0.00077191
                      5,                 1.2319,                 1.6207,                 1.2799,                 1.0679,                0.53869,                0.20235,                0.40557,                0.24698,                0.48383,                0.17803,                0.31286,                0.13765,                   1.37,                  2.307,                 2.7233,                 1.2057,             0.00096143,             0.00096143,             0.00096143
                      6,                 1.1951,                 1.5969,                 1.1708,                 1.0516,                 0.8101,                0.33446,                0.49071,                0.29923,                0.73012,                0.35968,                0.47613,                0.18774,                 1.3768,                 1.9348,                 1.9642,                 1.2058,              0.0011483,              0.0011483,              0.0011483
                      7,                 1.1826,                 1.5605,                  1.111,                  1.048,                0.62232,                0.43528,                0.52424,                0.28991,                0.61242,                0.43577,                0.52615,                0.24178,                 1.5313,                 1.7855,                 1.9231,                 1.3778,              0.0012005,              0.0012005,              0.0012005
                      8,                 1.1984,                 1.5249,                 1.0623,                 1.0467,                0.75772,                 0.6562,                0.76396,                0.46636,                0.72236,                0.61974,                 0.7237,                0.30091,                 1.2563,                  1.674,                 1.1734,                 1.1612,              0.0011922,              0.0011922,              0.0011922
                      9,                 1.1468,                 1.5031,                0.98571,                 1.0417,                0.60681,                0.67028,                0.70658,                0.43495,                0.58696,                0.65424,                0.65985,                0.28379,                  1.226,                 1.6102,                 1.4941,                 1.1149,               0.001184,               0.001184,               0.001184
                     10,                 1.1164,                 1.4534,                0.92431,                 1.0205,                 0.8435,                0.74205,                0.83081,                0.51743,                0.75715,                0.70754,                0.77225,                 0.3465,                 1.2078,                  1.531,                 1.0356,                 1.1407,              0.0011757,              0.0011757,              0.0011757
                     11,                 1.1269,                 1.4326,                  0.879,                 1.0231,                0.80715,                0.85009,                0.91223,                0.61891,                0.76204,                0.80593,                0.83105,                  0.335,                 1.1623,                 1.6813,                0.93569,                 1.0918,              0.0011675,              0.0011675,              0.0011675
                     12,                 1.0962,                 1.4019,                0.85419,                 1.0112,                0.84595,                 0.8696,                0.92081,                0.61677,                0.81464,                0.83414,                0.89151,                0.42526,                 1.1708,                 1.5038,                0.84886,                 1.1265,              0.0011593,              0.0011593,              0.0011593
                     13,                  1.091,                  1.413,                0.80923,                 1.0127,                 0.8236,                0.74252,                0.84986,                0.57438,                0.81066,                0.72535,                0.81272,                0.38344,                 1.1433,                 1.5647,                 1.0238,                  1.077,               0.001151,               0.001151,               0.001151
                     14,                 1.0814,                 1.4053,                0.78314,                 1.0109,                0.90242,                0.81341,                0.91333,                0.63653,                0.87364,                0.79549,                0.88021,                0.43661,                 1.0787,                 1.4906,                0.79428,                 1.0567,              0.0011428,              0.0011428,              0.0011428
                     15,                 1.0716,                 1.3944,                0.77427,                 1.0036,                0.91492,                0.88728,                0.93578,                0.65268,                0.83921,                0.85826,                0.85665,                 0.3718,                 1.0482,                 1.7923,                0.71546,                 1.0457,              0.0011345,              0.0011345,              0.0011345
                     16,                 1.0444,                 1.3647,                0.73096,                0.98834,                0.89303,                0.92427,                0.95017,                0.66719,                0.86537,                0.89188,                0.89939,                0.46526,                 1.0766,                 1.4384,                0.69523,                 1.0515,              0.0011263,              0.0011263,              0.0011263
                     17,                 1.0229,                 1.3333,                0.70536,                0.98075,                0.88933,                0.80124,                0.92986,                0.63993,                0.87233,                0.78647,                0.90053,                 0.3916,                 1.0556,                 1.4495,                0.83618,                 1.0595,               0.001118,               0.001118,               0.001118
                     18,                 1.0313,                 1.3404,                0.69256,                0.99233,                0.95252,                 0.9292,                0.97324,                0.68049,                0.91594,                0.91219,                0.93594,                 0.4685,                 1.0167,                 1.3082,                0.70112,                 1.0315,              0.0011098,              0.0011098,              0.0011098
                     19,                 1.0348,                 1.3341,                0.68449,                0.98461,                0.94873,                0.94791,                 0.9726,                0.67503,                0.90831,                0.90828,                0.92315,                0.47561,                 1.0543,                 1.4475,                0.60969,                 1.0576,              0.0011015,              0.0011015,              0.0011015
                     20,                 1.0041,                 1.2806,                0.65729,                0.98507,                0.94825,                0.91379,                0.95428,                0.69967,                0.94825,                0.91379,                0.95262,                0.52741,                0.95868,                 1.2479,                0.60077,                0.99434,              0.0010933,              0.0010933,              0.0010933
                     21,                 1.0234,                 1.3208,                0.65536,                0.98205,                0.92849,                0.87654,                0.94673,                0.65862,                0.90388,                0.85021,                0.92578,                0.46705,                 1.0585,                 1.2837,                0.63631,                 1.0321,               0.001085,               0.001085,               0.001085
                     22,                 1.0045,                 1.2796,                0.63788,                0.98436,                0.96475,                0.92702,                0.97363,                0.70438,                0.95242,                 0.9166,                0.96063,                0.52514,                0.95166,                 1.2039,                0.55943,                  1.002,              0.0010768,              0.0010768,              0.0010768
                     23,                0.99197,                 1.2381,                0.62249,                0.97527,                0.92739,                0.92956,                0.97006,                0.71227,                 0.9255,                0.92748,                0.96523,                0.52162,                0.95089,                 1.2219,                0.58791,                0.99951,              0.0010685,              0.0010685,              0.0010685
                     24,                0.96946,                  1.244,                0.59696,                 0.9706,                0.94039,                0.93527,                0.96139,                0.71006,                0.92696,                 0.9221,                0.94641,                0.50892,                0.95945,                 1.2695,                0.60758,                  1.024,              0.0010603,              0.0010603,              0.0010603
                     25,                0.96993,                 1.2675,                0.61634,                0.96537,                0.94488,                0.94384,                0.97207,                0.72263,                  0.938,                0.93522,                0.96316,                0.53024,                0.96257,                 1.2767,                0.54898,                 1.0025,               0.001052,               0.001052,               0.001052
                     26,                0.97153,                 1.2726,                0.60546,                0.97004,                0.94829,                0.95364,                0.97616,                0.71473,                 0.9349,                0.94674,                0.96212,                 0.5206,                0.96505,                 1.2948,                0.57311,                 1.0164,              0.0010438,              0.0010438,              0.0010438
                     27,                0.97162,                 1.2563,                0.59723,                 0.9686,                0.94311,                0.94934,                0.97135,                0.70059,                0.92449,                 0.9217,                0.95004,                0.48624,                0.98509,                 1.3168,                 0.6159,                 1.0096,              0.0010355,              0.0010355,              0.0010355
                     28,                0.94559,                  1.236,                0.59249,                0.95698,                0.95608,                0.92944,                 0.9763,                0.71134,                0.92922,                0.92566,                0.96042,                0.50389,                0.99769,                 1.2846,                0.57683,                 1.0242,              0.0010273,              0.0010273,              0.0010273
                     29,                0.95017,                 1.2507,                0.58892,                0.95882,                0.96692,                0.96662,                0.98298,                0.72642,                0.94502,                0.94128,                0.95257,                0.51872,                 0.9685,                 1.2849,                0.53345,                 1.0165,               0.001019,               0.001019,               0.001019
                     30,                0.94617,                 1.2462,                 0.5872,                0.96031,                0.97513,                0.95824,                0.97626,                0.72264,                0.95381,                0.93754,                0.94655,                0.47777,                0.93475,                 1.3768,                0.53747,                0.98266,              0.0010107,              0.0010107,              0.0010107
                     31,                0.92325,                 1.2228,                0.56647,                0.95753,                0.96136,                0.97315,                0.98639,                0.74097,                 0.9544,                0.96623,                0.98274,                0.57469,                 0.9226,                 1.1683,                0.48911,                0.97361,              0.0010025,              0.0010025,              0.0010025
                     32,                0.92593,                 1.1918,                  0.557,                0.95828,                0.94241,                0.94903,                0.98419,                0.74299,                0.95313,                0.91131,                0.96124,                0.54436,                0.89608,                 1.3186,                0.52126,                0.97595,             0.00099425,             0.00099425,             0.00099425
                     33,                 0.9275,                 1.2153,                0.56088,                0.95886,                 0.9587,                0.93229,                0.97292,                0.73701,                0.95234,                0.92008,                 0.9616,                0.55761,                0.92082,                 1.1686,                0.51287,                0.97873,               0.000986,               0.000986,               0.000986
                     34,                0.90712,                 1.1771,                0.54306,                0.95696,                0.95891,                0.96029,                0.97868,                0.74335,                0.94482,                0.94484,                0.95846,                0.54091,                0.91497,                 1.1971,                0.50218,                 0.9778,             0.00097775,             0.00097775,             0.00097775
                     35,                0.91989,                 1.2004,                0.55026,                0.94843,                0.97008,                0.93951,                0.97494,                0.73752,                0.97231,                0.94159,                0.97499,                0.50188,                0.95722,                 1.3228,                0.52075,                0.99997,              0.0009695,              0.0009695,              0.0009695
                     36,                0.94084,                 1.2095,                0.55743,                0.96028,                0.94014,                0.96048,                0.97714,                0.74982,                0.93321,                0.94962,                0.96711,                0.56302,                0.89752,                 1.1478,                 0.5009,                0.97854,             0.00096125,             0.00096125,             0.00096125
                     37,                0.90065,                 1.1795,                0.53849,                  0.947,                 0.9689,                0.96996,                0.98411,                0.75122,                0.95949,                0.96062,                0.97535,                0.54693,                0.88773,                 1.0857,                0.48481,                0.97181,               0.000953,               0.000953,               0.000953
                     38,                0.90325,                 1.1748,                0.53427,                0.94898,                0.96478,                0.93847,                0.98058,                0.72996,                0.95484,                0.92903,                0.96961,                0.56702,                0.94554,                 1.1812,                0.51024,                 1.0028,             0.00094475,             0.00094475,             0.00094475
                     39,                0.90271,                 1.1609,                0.54553,                0.94817,                0.94321,                0.97313,                0.97519,                0.74855,                0.94299,                0.97338,                0.97712,                0.56667,                0.88057,                 1.1216,                0.52065,                0.98303,              0.0009365,              0.0009365,              0.0009365
                     40,                0.89166,                 1.1821,                0.53231,                0.94436,                0.97228,                0.95927,                0.98196,                0.76013,                 0.9743,                0.95999,                0.98064,                0.57342,                0.87389,                 1.1509,                0.46995,                0.97479,             0.00092825,             0.00092825,             0.00092825
                     41,                0.87456,                 1.1702,                0.51716,                 0.9403,                0.98416,                0.96893,                0.98342,                0.75301,                0.97609,                0.96109,                0.97216,                0.54653,                0.90204,                 1.1826,                0.48385,                0.98932,                0.00092,                0.00092,                0.00092
                     42,                0.88461,                 1.1544,                0.52103,                0.93936,                 0.9734,                0.97385,                0.98577,                0.76529,                0.96176,                0.96204,                0.97959,                 0.6038,                0.90558,                 1.1342,                0.46479,                0.97134,             0.00091175,             0.00091175,             0.00091175
                     43,                0.89875,                 1.1627,                0.52433,                0.94422,                0.96149,                0.96625,                0.98017,                0.75205,                  0.952,                0.94883,                0.97729,                0.56378,                0.91094,                 1.1753,                0.48313,                0.98215,              0.0009035,              0.0009035,              0.0009035
                     44,                0.87442,                 1.1323,                0.50596,                0.94452,                0.96984,                0.97305,                0.98311,                 0.7507,                0.95182,                0.95709,                0.96622,                0.53194,                0.90488,                 1.2595,                0.47748,                0.97855,             0.00089525,             0.00089525,             0.00089525
                     45,                0.87036,                 1.1474,                0.50641,                 0.9324,                0.97181,                0.97248,                0.98491,                0.76767,                0.96203,                0.96305,                0.97654,                0.59855,                0.86032,                 1.0816,                0.45454,                0.95836,               0.000887,               0.000887,               0.000887
                     46,                0.86542,                 1.1332,                0.50262,                0.93504,                0.97335,                0.97492,                0.98552,                0.74328,                0.97554,                0.95676,                0.97643,                0.56414,                0.90311,                 1.1216,                0.47482,                0.99486,             0.00087875,             0.00087875,             0.00087875
                     47,                0.86538,                 1.1336,                0.50047,                0.94055,                0.96971,                 0.9748,                0.98605,                0.75077,                0.96382,                0.96795,                0.97891,                0.53941,                0.93059,                 1.2032,                0.49259,                 1.0027,              0.0008705,              0.0008705,              0.0008705
                     48,                0.88337,                 1.1364,                0.51603,                0.94661,                0.96091,                0.95502,                0.97683,                0.74558,                0.95547,                0.94975,                0.97223,                0.55186,                0.93318,                 1.1771,                0.49483,                0.99952,             0.00086225,             0.00086225,             0.00086225
                     49,                0.85961,                 1.1006,                0.50411,                0.93675,                0.97027,                0.96579,                0.98312,                0.76513,                0.97788,                0.96408,                0.98317,                0.60863,                0.84543,                 1.0994,                0.45974,                0.97036,               0.000854,               0.000854,               0.000854
                     50,                 0.8715,                 1.1105,                0.50247,                0.93737,                0.96939,                0.96749,                  0.981,                0.76124,                0.97017,                0.95128,                0.96595,                0.57982,                0.84622,                 1.1007,                0.47981,                0.96805,             0.00084575,             0.00084575,             0.00084575
                     51,                0.83931,                 1.1346,                0.48704,                0.92648,                0.95616,                 0.9758,                0.98488,                0.76573,                 0.9582,                0.97788,                0.98301,                0.59139,                0.84776,                 1.0812,                0.45596,                0.95271,              0.0008375,              0.0008375,              0.0008375
                     52,                0.84561,                 1.1055,                0.48972,                0.92996,                0.93533,                0.94738,                0.98193,                0.76214,                0.92192,                0.93363,                0.97181,                0.58458,                0.86412,                 1.1157,                0.47162,                0.97374,             0.00082925,             0.00082925,             0.00082925
                     53,                0.85445,                 1.1155,                0.49236,                0.93089,                0.96539,                0.96844,                0.98563,                0.75482,                0.95237,                0.95619,                0.97385,                0.53923,                 0.9122,                 1.2443,                0.46681,                0.98719,               0.000821,               0.000821,               0.000821
                     54,                0.83849,                 1.0916,                 0.4838,                0.93028,                0.97988,                0.97562,                 0.9884,                0.76999,                0.96999,                0.96625,                 0.9767,                 0.5619,                0.87833,                 1.1255,                0.45712,                 0.9798,             0.00081275,             0.00081275,             0.00081275
                     55,                 0.8348,                 1.0836,                0.47608,                0.93148,                0.97528,                 0.9691,                0.98472,                 0.7643,                0.97528,                 0.9691,                0.98388,                0.59392,                0.87627,                 1.0502,                0.44734,                0.96603,              0.0008045,              0.0008045,              0.0008045
                     56,                0.83071,                 1.0866,                0.47483,                0.93091,                0.98289,                0.97245,                0.98852,                0.77716,                0.97515,                0.96513,                0.97704,                0.59842,                0.83085,                 1.1162,                0.43378,                0.95269,             0.00079625,             0.00079625,             0.00079625
                     57,                0.81508,                 1.0807,                0.46534,                0.92111,                0.97577,                0.98572,                0.98818,                0.78072,                0.96953,                0.97947,                0.98582,                0.59971,                0.83147,                 1.0878,                0.43131,                 0.9551,               0.000788,               0.000788,               0.000788
                     58,                0.82185,                 1.0697,                0.46968,                 0.9233,                 0.9679,                0.98422,                0.98822,                0.77131,                0.95814,                0.97435,                0.98217,                0.58161,                0.85477,                 1.1027,                 0.4187,                0.96752,             0.00077975,             0.00077975,             0.00077975
                     59,                0.82831,                 1.0699,                0.47353,                 0.9297,                0.98899,                0.96968,                0.98256,                0.78798,                0.97967,                0.96068,                0.97585,                0.58611,                0.81043,                 1.0691,                 0.4216,                0.94798,              0.0007715,              0.0007715,              0.0007715
                     60,                0.82703,                 1.0893,                0.47553,                0.93112,                0.98418,                0.96753,                0.98698,                0.78548,                0.98629,                0.96961,                0.98632,                0.60514,                0.83346,                 1.0364,                0.42774,                0.95633,             0.00076325,             0.00076325,             0.00076325
                     61,                0.82861,                 1.0628,                0.46688,                0.91635,                0.98691,                0.97335,                0.99006,                0.77993,                0.98476,                0.97134,                0.98801,                0.59639,                0.84823,                 1.0867,                0.43777,                0.96101,               0.000755,               0.000755,               0.000755
                     62,                0.82308,                 1.0679,                0.46747,                0.91987,                0.96426,                0.98364,                0.98733,                0.78537,                0.96995,                0.97367,                0.98783,                 0.6207,                0.80988,                 1.0827,                0.42736,                 0.9436,             0.00074675,             0.00074675,             0.00074675
                     63,                0.82778,                 1.0548,                0.47215,                0.92147,                0.98266,                 0.9758,                0.98815,                 0.7984,                0.98478,                0.97788,                0.98805,                0.61936,                0.81126,                 1.0436,                 0.4186,                0.94037,              0.0007385,              0.0007385,              0.0007385
                     64,                0.82661,                 1.0637,                0.47682,                0.92692,                0.98499,                0.98364,                0.99076,                0.78877,                0.98429,                0.97523,                0.98763,                0.61398,                0.79305,                 1.0227,                0.42518,                0.93849,             0.00073025,             0.00073025,             0.00073025
                     65,                0.82256,                 1.0832,                0.46607,                0.92234,                0.98947,                0.96964,                0.98985,                 0.7816,                0.97953,                0.95852,                0.98096,                0.58837,                0.82501,                 1.0781,                0.43404,                0.94101,               0.000722,               0.000722,               0.000722
                     66,                0.80081,                 1.0274,                0.45026,                0.91247,                 0.9667,                0.97005,                0.98707,                0.79398,                0.97384,                0.94436,                0.97898,                0.59595,                 0.8375,                 1.0431,                0.42873,                0.94842,             0.00071375,             0.00071375,             0.00071375
                     67,                0.80207,                 1.0454,                0.45254,                  0.915,                0.96902,                0.98614,                0.98801,                0.80218,                0.96695,                0.98405,                0.98652,                 0.6132,                 0.7895,                 1.0522,                0.40267,                 0.9301,              0.0007055,              0.0007055,              0.0007055
                     68,                0.80624,                 1.0788,                0.46079,                0.91649,                0.98521,                 0.9779,                 0.9891,                0.78056,                0.97654,                0.96933,                0.98051,                 0.5885,                0.85046,                 1.1234,                0.41862,                 0.9487,             0.00069725,             0.00069725,             0.00069725
                     69,                0.81457,                 1.0558,                  0.452,                0.92453,                0.98229,                0.97473,                0.98879,                0.78546,                0.97865,                0.97105,                0.98282,                0.58231,                0.82485,                 1.0898,                0.42408,                0.95787,               0.000689,               0.000689,               0.000689
                     70,                0.78638,                 1.0371,                0.44908,                0.90684,                0.97766,                0.98523,                0.99067,                0.80121,                0.97889,                 0.9838,                0.99014,                 0.6179,                0.78319,                 1.0225,                0.40927,                0.93256,             0.00068075,             0.00068075,             0.00068075
                     71,                0.78381,                 1.0243,                0.44216,                0.90952,                0.97273,                0.98408,                0.99115,                0.78299,                0.96827,                 0.9764,                0.98568,                0.59141,                0.85157,                 1.0509,                0.42735,                 0.9606,              0.0006725,              0.0006725,              0.0006725
                     72,                0.79666,                 1.0448,                0.45125,                0.91945,                0.97101,                0.98368,                0.99138,                0.80755,                0.96168,                0.97801,                0.98594,                0.61929,                0.77573,                0.98141,                0.40168,                0.93829,             0.00066425,             0.00066425,             0.00066425
                     73,                 0.7763,                 1.0247,                0.44105,                0.90928,                0.97143,                0.97669,                0.98991,                0.79171,                0.96785,                0.97186,                0.98541,                0.59664,                0.80408,                 1.0316,                0.40982,                0.94387,               0.000656,               0.000656,               0.000656
                     74,                0.78522,                 1.0265,                0.44006,                0.90868,                0.98962,                0.97798,                0.98945,                0.78259,                0.98532,                0.97255,                0.98495,                0.59648,                0.81609,                 1.0831,                0.40434,                0.94518,             0.00064775,             0.00064775,             0.00064775
                     75,                0.77189,                 1.0252,                0.43624,                0.90656,                0.97071,                0.97739,                0.98813,                 0.7871,                0.97543,                0.97191,                0.98292,                0.57739,                0.83082,                 1.1078,                0.41413,                0.95683,              0.0006395,              0.0006395,              0.0006395
                     76,                0.78188,                 1.0229,                0.44014,                0.90965,                0.98727,                0.98469,                0.98897,                0.79443,                0.98444,                0.97831,                0.98651,                0.61076,                0.79854,                 1.0288,                0.40395,                0.94602,             0.00063125,             0.00063125,             0.00063125
                     77,                0.75851,                 1.0158,                0.42968,                0.90419,                0.97682,                0.97719,                0.99023,                0.78463,                0.97466,                 0.9751,                0.98735,                0.57581,                 0.8159,                 1.0711,                0.40448,                0.94543,               0.000623,               0.000623,               0.000623
                     78,                0.78214,                 1.0173,                0.43585,                0.90913,                0.97803,                0.98364,                0.98809,                0.80133,                0.97051,                 0.9758,                0.97833,                0.60475,                0.77501,                 1.0369,                 0.3995,                  0.934,             0.00061475,             0.00061475,             0.00061475
                     79,                0.76923,                 1.0203,                0.43978,                0.90959,                0.97717,                0.98193,                0.98473,                0.79001,                0.96766,                0.97004,                0.97569,                0.58919,                0.80585,                 1.0418,                0.40888,                0.95115,              0.0006065,              0.0006065,              0.0006065
                     80,                0.77738,                 1.0259,                0.43865,                0.91107,                 0.9701,                0.98156,                 0.9874,                0.80178,                0.97908,                0.96844,                0.98526,                0.61533,                0.78636,                 1.0323,                0.40294,                0.93306,             0.00059825,             0.00059825,             0.00059825
                     81,                0.76131,                 1.0044,                0.42674,                0.90529,                0.98936,                0.98703,                0.98912,                0.80512,                0.98905,                0.98364,                0.98675,                 0.6149,                0.77449,                 1.0857,                0.38406,                0.92588,                0.00059,                0.00059,                0.00059
                     82,                0.76455,                 1.0021,                 0.4346,                0.90281,                0.98379,                0.97469,                0.98728,                0.80559,                0.97779,                0.96954,                0.97492,                0.61671,                0.76439,                   1.07,                0.39612,                0.92983,             0.00058175,             0.00058175,             0.00058175
                     83,                0.76065,                 1.0044,                0.42911,                0.90364,                0.98101,                0.96893,                0.98762,                0.80921,                0.97675,                0.96477,                 0.9826,                0.62552,                0.74891,                 1.0381,                0.38787,                0.92231,              0.0005735,              0.0005735,              0.0005735
                     84,                 0.7672,                 1.0098,                0.42843,                0.90203,                0.98754,                0.98081,                0.98886,                0.81506,                0.98753,                0.97974,                0.98753,                0.61188,                0.75673,                 1.0541,                0.38645,                 0.9201,             0.00056525,             0.00056525,             0.00056525
                     85,                0.76571,                 1.0076,                0.42814,                 0.9048,                0.98425,                0.97672,                0.99021,                0.81815,                0.98425,                0.97672,                0.98806,                0.62177,                0.73821,                 1.0237,                0.38171,                 0.9194,               0.000557,               0.000557,               0.000557
                     86,                0.77704,                 1.0181,                 0.4292,                0.90821,                0.98975,                0.98277,                 0.9898,                0.81983,                0.98645,                0.97947,                0.98765,                0.63883,                0.75903,                 1.0079,                0.37836,                0.92879,             0.00054875,             0.00054875,             0.00054875
                     87,                0.75479,                 1.0013,                0.42281,                0.90574,                0.98016,                0.97889,                0.99022,                0.81595,                0.98389,                0.96352,                0.98421,                0.62608,                0.76352,                 1.0524,                0.39443,                0.92762,              0.0005405,              0.0005405,              0.0005405
                     88,                0.72709,                0.96418,                0.41532,                0.89478,                0.98201,                0.97903,                0.99142,                 0.8076,                0.98089,                0.97696,                0.98682,                0.61995,                0.77653,                 1.0239,                0.38554,                0.94398,             0.00053225,             0.00053225,             0.00053225
                     89,                0.75584,                  1.003,                0.42511,                 0.9011,                0.98325,                0.98156,                0.99064,                0.81117,                0.97668,                0.97506,                0.98485,                0.61738,                0.76347,                 1.0445,                0.38438,                0.92737,               0.000524,               0.000524,               0.000524
                     90,                 0.7508,                 0.9903,                0.41539,                0.89961,                  0.972,                0.98771,                0.99013,                0.81263,                 0.9699,                0.98563,                0.98828,                 0.6182,                0.75359,                 1.0112,                0.38169,                0.92702,             0.00051575,             0.00051575,             0.00051575
                     91,                0.75219,                0.98284,                0.42316,                 0.9034,                0.98662,                0.97991,                0.99061,                0.81024,                0.97656,                0.96998,                0.98276,                0.60281,                0.78454,                 1.0316,                0.39394,                0.94147,              0.0005075,              0.0005075,              0.0005075
                     92,                0.76136,                 0.9938,                0.41774,                  0.907,                0.97313,                0.98523,                0.98972,                0.82139,                0.97741,                 0.9758,                0.97974,                0.62309,                0.76544,                 0.9941,                0.37575,                0.93366,             0.00049925,             0.00049925,             0.00049925
                     93,                0.73426,                0.97138,                0.41198,                 0.8954,                 0.9893,                0.98422,                0.99074,                0.81737,                 0.9856,                0.98054,                0.98685,                0.63995,                0.73526,                0.97953,                0.37351,                0.91921,               0.000491,               0.000491,               0.000491
                     94,                0.72618,                0.95232,                0.40317,                0.89242,                0.99193,                0.98305,                0.99386,                0.81575,                0.98871,                0.97922,                0.98997,                0.62931,                0.73892,                 0.9884,                0.36149,                0.92131,             0.00048275,             0.00048275,             0.00048275
                     95,                0.72933,                0.94765,                0.40114,                0.89542,                0.98946,                0.98364,                0.99047,                0.82772,                0.98946,                0.98364,                0.98885,                0.64314,                0.72919,                0.98419,                0.37106,                0.91801,              0.0004745,              0.0004745,              0.0004745
                     96,                0.72414,                0.96731,                0.40832,                0.89664,                0.98395,                0.98059,                 0.9905,                0.82215,                0.97665,                0.97331,                0.98628,                0.63059,                0.75826,                 1.0342,                0.37319,                0.92705,             0.00046625,             0.00046625,             0.00046625
                     97,                0.73925,                0.98038,                 0.4145,                0.89912,                0.97804,                0.98156,                0.98731,                0.81446,                0.98012,                0.98364,                0.98648,                0.62744,                0.76796,                0.99839,                0.37469,                0.93359,               0.000458,               0.000458,               0.000458
                     98,                0.73315,                0.96322,                  0.409,                0.90123,                0.98698,                0.98617,                0.99008,                 0.8225,                0.98651,                0.98306,                0.98604,                 0.6234,                 0.7633,                 1.0311,                0.37572,                0.92589,             0.00044975,             0.00044975,             0.00044975
                     99,                0.72072,                0.96266,                0.39848,                0.89435,                0.98863,                0.98588,                0.99037,                0.81014,                0.97894,                 0.9726,                0.98243,                0.60727,                0.76771,                 1.0421,                0.37698,                0.93152,              0.0004415,              0.0004415,              0.0004415
                    100,                0.72755,                0.95031,                0.40072,                 0.8958,                0.98797,                0.97887,                0.99171,                0.81049,                0.98532,                0.97212,                0.98688,                 0.6235,                0.75407,                 1.0173,                0.37333,                0.92813,             0.00043325,             0.00043325,             0.00043325
                    101,                0.71582,                0.95859,                0.40016,                  0.889,                0.98433,                0.97732,                0.99086,                0.82345,                 0.9857,                0.97035,                0.98616,                0.63686,                0.73269,                 1.0071,                0.36552,                0.92247,               0.000425,               0.000425,               0.000425
                    102,                 0.7096,                0.97828,                0.39652,                0.88993,                0.98091,                0.97249,                0.98807,                0.81548,                0.98213,                0.97828,                0.98537,                 0.6545,                0.74828,                0.99495,                0.36886,                 0.9316,             0.00041675,             0.00041675,             0.00041675
                    103,                0.72491,                0.97229,                0.40209,                0.89356,                0.98399,                 0.9785,                0.98949,                0.80769,                0.97831,                0.96172,                0.98123,                0.60257,                0.78047,                 1.0742,                0.37424,                0.93595,              0.0004085,              0.0004085,              0.0004085
                    104,                0.70978,                0.94941,                0.39417,                0.89155,                0.98541,                0.97981,                0.99005,                 0.8199,                0.98217,                0.97371,                0.98506,                0.62839,                0.74542,                0.99011,                0.37285,                0.92629,             0.00040025,             0.00040025,             0.00040025
                    105,                0.72072,                0.94391,                0.39628,                0.89071,                0.98466,                0.98523,                0.99001,                0.80907,                0.98144,                0.97722,                0.98504,                0.60677,                0.76155,                 1.0384,                0.36774,                0.92712,               0.000392,               0.000392,               0.000392
                    106,                0.71702,                0.95409,                0.39676,                0.89312,                0.98684,                 0.9876,                0.99249,                0.82467,                 0.9785,                0.97788,                 0.9812,                 0.6298,                0.73789,                 0.9999,                0.35361,                0.92198,             0.00038375,             0.00038375,             0.00038375
                    107,                0.70482,                 0.9429,                   0.39,                0.88937,                0.98983,                0.98516,                0.99038,                0.82539,                 0.9862,                0.97739,                0.98562,                0.64508,                0.71442,                0.95756,                0.35165,                0.91854,              0.0003755,              0.0003755,              0.0003755
                    108,                0.71244,                0.95057,                0.39257,                0.89226,                0.99026,                0.98282,                0.98852,                0.82761,                0.98654,                0.97823,                0.98392,                0.63812,                0.72542,                 1.0295,                0.35462,                0.91225,             0.00036725,             0.00036725,             0.00036725
                    109,                0.70578,                0.93472,                 0.3885,                0.89493,                0.98948,                0.98523,                0.98991,                0.82232,                0.98686,                0.98019,                0.98284,                0.63108,                0.73294,                0.98449,                0.36346,                0.91739,               0.000359,               0.000359,               0.000359
                    110,                0.70322,                 0.9422,                0.39106,                0.89009,                0.98863,                0.98116,                0.99127,                0.82872,                0.98492,                0.97438,                0.98569,                0.64823,                0.72726,                0.94496,                 0.3562,                0.91461,             0.00035075,             0.00035075,             0.00035075
                    111,                0.70473,                0.95157,                0.39328,                0.89051,                 0.9899,                0.98439,                0.99182,                0.82491,                0.98412,                0.97859,                0.98504,                0.63872,                0.73817,                0.99853,                0.35625,                0.91303,              0.0003425,              0.0003425,              0.0003425
                    112,                0.69463,                0.92858,                0.38252,                0.88771,                0.98532,                0.98028,                 0.9901,                0.83354,                0.98368,                0.97869,                0.98629,                0.64737,                0.72779,                 0.9922,                0.35871,                0.91295,             0.00033425,             0.00033425,             0.00033425
                    113,                0.70607,                0.95494,                0.38825,                0.88834,                0.98892,                0.98732,                0.99105,                0.83224,                0.99101,                 0.9894,                 0.9895,                0.63621,                0.72624,                 1.0007,                0.35716,                0.91429,               0.000326,               0.000326,               0.000326
                    114,                0.68913,                0.94004,                0.37955,                0.88579,                0.98511,                0.98732,                0.99061,                0.82296,                0.97982,                 0.9813,                0.98546,                0.64047,                 0.7344,                 1.0267,                0.35742,                0.91888,             0.00031775,             0.00031775,             0.00031775
                    115,                0.68778,                0.91091,                0.37856,                0.88693,                0.98547,                0.98364,                0.99028,                0.82608,                0.99023,                0.98257,                0.98868,                0.63376,                0.73361,                0.99941,                0.36691,                0.92005,              0.0003095,              0.0003095,              0.0003095
                    116,                0.69678,                 0.9201,                0.38059,                0.89211,                0.99084,                0.98449,                0.99069,                0.83427,                0.98501,                0.97873,                0.98455,                0.64664,                0.72856,                0.98717,                0.36037,                0.91168,             0.00030125,             0.00030125,             0.00030125
                    117,                0.69635,                0.91783,                 0.3819,                 0.8866,                0.98924,                0.98628,                0.99057,                0.83296,                0.99047,                 0.9849,                0.98858,                0.65099,                0.72629,                0.96227,                 0.3547,                0.92138,               0.000293,               0.000293,               0.000293
                    118,                0.69322,                0.92963,                0.38052,                0.88488,                0.98226,                0.98315,                0.98834,                0.83092,                0.98372,                0.97898,                0.98657,                0.63772,                 0.7261,                0.98933,                0.36488,                0.91761,             0.00028475,             0.00028475,             0.00028475
                    119,                0.68823,                0.91132,                0.37946,                0.88899,                0.98223,                0.98523,                0.98939,                0.83454,                  0.983,                0.98107,                0.98861,                0.64286,                 0.7221,                 1.0086,                0.35697,                0.91652,              0.0002765,              0.0002765,              0.0002765
                    120,                0.68804,                 0.9163,                 0.3808,                0.88683,                0.99031,                0.98623,                 0.9891,                0.83007,                0.98407,                0.97993,                0.98787,                0.63975,                0.72099,                 1.0045,                0.34818,                0.91449,             0.00026825,             0.00026825,             0.00026825
                    121,                0.67647,                0.90798,                0.37379,                0.88134,                0.98017,                0.98523,                0.99039,                0.82753,                0.98048,                0.97757,                0.98826,                0.63457,                0.73392,                0.98292,                0.35488,                0.91928,                0.00026,                0.00026,                0.00026
                    122,                0.67381,                0.90991,                0.36999,                0.87883,                0.99152,                0.98732,                0.99159,                0.82731,                0.98418,                0.98004,                 0.9871,                0.64226,                0.72167,                0.97646,                0.34829,                0.91794,             0.00025175,             0.00025175,             0.00025175
                    123,                0.66901,                0.89719,                0.36513,                0.88321,                0.98809,                0.98523,                0.99162,                0.83465,                0.97976,                0.98061,                0.98629,                 0.6351,                 0.7184,                 1.0159,                  0.348,                0.91815,              0.0002435,              0.0002435,              0.0002435
                    124,                0.66956,                0.90696,                0.37169,                0.87396,                0.98231,                0.98308,                0.99098,                0.83532,                0.98522,                0.97908,                0.98897,                0.64617,                0.70689,                0.98175,                0.34683,                0.91364,             0.00023525,             0.00023525,             0.00023525
                    125,                 0.6629,                0.90142,                0.36617,                0.87299,                0.98903,                0.98416,                0.99111,                0.84103,                0.98823,                0.98315,                0.98907,                0.65945,                0.70224,                 0.9573,                0.34577,                0.91102,               0.000227,               0.000227,               0.000227
                    126,                 0.6593,                0.88969,                0.36556,                 0.8774,                0.98974,                0.98535,                0.99097,                0.83917,                0.98873,                  0.986,                0.98898,                0.64942,                0.71242,                0.95716,                0.33893,                 0.9135,             0.00021875,             0.00021875,             0.00021875
                    127,                0.66041,                0.90065,                0.36378,                0.87805,                0.98875,                0.98402,                0.99147,                0.82854,                0.98667,                0.98193,                0.98904,                0.63914,                  0.717,                 1.0098,                0.34625,                0.91624,              0.0002105,              0.0002105,              0.0002105
                    128,                0.65475,                0.88515,                0.36122,                0.87841,                0.98436,                0.98156,                 0.9911,                0.83656,                0.98395,                0.98156,                0.98901,                 0.6485,                0.71513,                0.99196,                0.34539,                0.91056,             0.00020225,             0.00020225,             0.00020225
                    129,                0.65926,                0.89158,                0.36646,                0.88004,                0.98044,                0.99203,                0.99065,                0.83837,                0.97837,                0.98994,                 0.9899,                0.64899,                0.71048,                0.97978,                0.33664,                0.91339,               0.000194,               0.000194,               0.000194
                    130,                0.67039,                0.91323,                0.37128,                0.87965,                0.98082,                  0.986,                0.98877,                0.83347,                0.98013,                0.98166,                 0.9883,                0.64817,                0.71087,                 1.0102,                0.33898,                0.91387,             0.00018575,             0.00018575,             0.00018575
                    131,                0.65518,                0.88712,                0.36328,                0.87867,                0.98934,                0.98794,                0.99128,                0.83664,                0.98726,                0.98585,                0.98884,                 0.6552,                0.71385,                0.97768,                0.34163,                0.91134,              0.0001775,              0.0001775,              0.0001775
                    132,                0.63931,                0.87285,                0.35493,                0.87134,                0.99019,                0.98801,                0.99157,                0.84126,                0.98232,                0.98017,                0.98633,                0.65499,                0.70208,                0.97411,                0.33649,                0.90475,             0.00016925,             0.00016925,             0.00016925
                    133,                0.64497,                0.87549,                0.35197,                0.87667,                0.98895,                0.98804,                0.99204,                0.83856,                0.97835,                0.98487,                0.98675,                0.65476,                0.70671,                0.98462,                0.33223,                0.91028,               0.000161,               0.000161,               0.000161
                    134,                0.65122,                0.87572,                0.35846,                0.88055,                0.98693,                0.98523,                0.99073,                 0.8393,                0.98535,                0.98433,                0.98839,                0.65653,                0.70057,                0.98402,                0.33689,                0.91166,             0.00015275,             0.00015275,             0.00015275
                    135,                0.63157,                0.86321,                 0.3458,                0.87284,                0.98735,                0.98523,                 0.9907,                0.83207,                0.98107,                0.97947,                0.98462,                0.65245,                0.70521,                0.99144,                0.33931,                0.90883,              0.0001445,              0.0001445,              0.0001445
                    136,                0.64305,                 0.8594,                 0.3574,                0.87718,                0.98761,                0.98107,                0.98974,                0.83799,                0.98395,                 0.9787,                0.98656,                 0.6501,                0.70406,                0.98959,                0.33612,                0.90994,             0.00013625,             0.00013625,             0.00013625
                    137,                0.64125,                0.87143,                 0.3507,                0.87264,                 0.9858,                0.98523,                0.99141,                0.83823,                 0.9805,                0.98091,                0.98597,                0.65125,                0.69091,                0.99299,                 0.3306,                0.90531,               0.000128,               0.000128,               0.000128
                    138,                0.63216,                0.87369,                0.35375,                0.87511,                0.98686,                0.98329,                0.99178,                0.84115,                0.98155,                0.97741,                 0.9863,                0.65978,                0.68932,                0.98471,                0.32884,                0.90395,             0.00011975,             0.00011975,             0.00011975
                    139,                0.63418,                0.85893,                 0.3475,                0.87032,                0.98576,                0.98397,                0.99095,                0.84045,                 0.9797,                0.98156,                 0.9864,                0.63966,                 0.6981,                0.99896,                0.33011,                0.90707,              0.0001115,              0.0001115,              0.0001115
                    140,                0.63522,                0.86097,                0.34672,                0.86957,                0.98825,                0.98723,                0.99116,                0.83861,                0.98239,                0.98156,                0.98615,                0.65239,                0.69226,                0.96984,                0.33146,                0.90678,             0.00010325,             0.00010325,             0.00010325
                    141,                0.56229,                0.76038,                0.31369,                0.84354,                0.98636,                 0.9837,                0.99075,                0.83406,                0.97944,                0.97837,                0.98517,                0.64966,                 0.6952,                0.97076,                0.33528,                0.90672,                9.5e-05,                9.5e-05,                9.5e-05
                    142,                0.54796,                0.75108,                0.30118,                0.84319,                0.98785,                0.98732,                0.99101,                0.83598,                0.98271,                0.98156,                0.98592,                0.65299,                0.68949,                0.96855,                0.33315,                0.90934,              8.675e-05,              8.675e-05,              8.675e-05
                    143,                0.55134,                0.74064,                0.30047,                0.84808,                 0.9903,                0.98871,                0.99144,                0.83604,                0.98473,                0.98287,                0.98626,                0.65538,                0.69666,                0.97185,                0.32979,                0.90793,               7.85e-05,               7.85e-05,               7.85e-05
                    144,                0.54405,                 0.7504,                0.29732,                0.84268,                0.98684,                0.98523,                0.99148,                0.84512,                0.98345,                0.98156,                0.98721,                0.66111,                0.69097,                0.97637,                0.32602,                0.90589,              7.025e-05,              7.025e-05,              7.025e-05
                    145,                0.53903,                0.73498,                0.29292,                0.83592,                0.98745,                0.98588,                0.99265,                0.84302,                0.98346,                0.98227,                0.98815,                 0.6543,                0.69281,                0.99771,                0.32788,                0.90603,                6.2e-05,                6.2e-05,                6.2e-05
                    146,                0.54773,                0.74237,                0.29492,                0.83808,                 0.9874,                0.98597,                0.99252,                0.84733,                0.98299,                0.98246,                 0.9879,                0.65325,                0.69065,                0.99497,                0.32274,                0.90277,              5.375e-05,              5.375e-05,              5.375e-05
                    147,                0.53611,                0.73814,                0.29376,                0.83519,                0.98528,                0.98523,                0.99124,                0.84383,                0.98049,                0.98172,                 0.9855,                0.65774,                0.68523,                0.99315,                0.32147,                0.90469,               4.55e-05,               4.55e-05,               4.55e-05
                    148,                0.53865,                0.73454,                0.29463,                0.83986,                0.98861,                0.98741,                0.99162,                0.83982,                0.98283,                0.98165,                0.98488,                0.65802,                0.68353,                0.99342,                0.32028,                0.90417,              3.725e-05,              3.725e-05,              3.725e-05
                    149,                0.53073,                0.73031,                0.29067,                0.84176,                0.98729,                0.98933,                0.99174,                0.84083,                0.98358,                0.98568,                 0.9865,                0.65414,                0.68096,                 1.0007,                0.32052,                0.90206,                2.9e-05,                2.9e-05,                2.9e-05
                    150,                0.53476,                0.72557,                0.29292,                0.83708,                0.98713,                0.98523,                 0.9918,                0.84005,                0.98306,                0.98156,                0.98641,                0.65652,                0.68712,                0.99786,                0.32325,                0.90223,              2.075e-05,              2.075e-05,              2.075e-05
